from,to,weight
0,0,0.6520320379709285
0,1,0.06555918125185405
0,2,0.10145357460694156
1,0,0.06674577276772471
1,1,0.02254523880154257
1,2,0.009789380005932958
2,0,0.060516167309403734
2,1,0.006822901216256304
2,2,0.014535746069415604
